ten_ram,loai_ram,dung_luong,thong_so,gia_vnd,link_hinh_anh,category
Ram 5 32Gx2 6000 Corsair Vengeance Rgb Cmh64Gx5M2B6000C38,Unknown,N/A,N/A,22811000,https://theme.hstatic.net/200000420363/1001333448/14/appbuyxgety-icon.png?v=6362,RAM
"Ram Adata XPG D35G RGB Black 16GB | DDR4, 3200MHz, C16",DDR4,16GB,16GB 3200MHz,3690000,https://theme.hstatic.net/200000420363/1001333448/14/appbuyxgety-icon.png?v=6362,RAM
"Ram Adata XPG D35G RGB White 16GB | DDR4, 3200MHz, C16",DDR4,16GB,16GB 3200MHz,3690000,https://theme.hstatic.net/200000420363/1001333448/14/appbuyxgety-icon.png?v=6362,RAM
"Ram Apacer NOX RGB Black 16GB | 1 x 16GB, DDR4, 3200MHz – AH4U16G32C28YNBAA-1",DDR4,16GB,16GB 3200MHz,3690000,https://theme.hstatic.net/200000420363/1001333448/14/appbuyxgety-icon.png?v=6362,RAM
"Ram Apacer NOX RGB Black 8GB | 1 x 8GB, DDR4, 3200MHz (AH4U08G32C28YNBAA-1)",DDR4,8GB,8GB 3200MHz,2090000,https://theme.hstatic.net/200000420363/1001333448/14/appbuyxgety-icon.png?v=6362,RAM
"Ram Kingston Fury Beast 32GB | 32GB x 1, DDR5, 5600MHz (Kf556C40Bb-32)",DDR5,32GB,32GB 5600MHz,9399000,https://theme.hstatic.net/200000420363/1001333448/14/appbuyxgety-icon.png?v=6362,RAM
"RAM Laptop Acer SD100 16GB DDR4 3200MHz SO-DIMM (BL.9BWWA.213) | 1x16GB, 3200MHz",DDR4,16GB,16GB 3200MHz,3590000,https://theme.hstatic.net/200000420363/1001333448/14/appbuyxgety-icon.png?v=6362,RAM
"RAM Laptop ADATA Premier 16GB DDR4 | (1x16GB), 3200MHz, SO-DIMM (AD4S320016G22-SGN)",DDR4,16GB,16GB 3200MHz,2990000,https://theme.hstatic.net/200000420363/1001333448/14/appbuyxgety-icon.png?v=6362,RAM
"RAM Laptop ADATA Premier 8GB DDR4 | (1x8GB), 3200MHz, SO-DIMM (AD4S32008G22-SGN)",DDR4,8GB,8GB 3200MHz,1550000,https://theme.hstatic.net/200000420363/1001333448/14/appbuyxgety-icon.png?v=6362,RAM
"RAM Laptop AGI SD138 16GB DDR4 3200MHz SODIMM (AGI320016SD138-ST) | (1x16GB), 3200MHz, SODIMM",DDR4,16GB,16GB 3200MHz,3790000,https://theme.hstatic.net/200000420363/1001333448/14/appbuyxgety-icon.png?v=6362,RAM
"RAM Laptop Biwin RS100 16GB DDR4 3200MHz SODIMM (BMS41632SD-S22BG) | (1x16GB), 3200MHz, SODIMM",DDR4,16GB,16GB 3200MHz,3500000,https://theme.hstatic.net/200000420363/1001333448/14/appbuyxgety-icon.png?v=6362,RAM
"RAM Laptop BIWIN RS200 16GB DDR5 | (1x16GB), 4800MHz BD5SD16G48C40",DDR5,16GB,16GB 4800MHz,3790000,https://theme.hstatic.net/200000420363/1001333448/14/appbuyxgety-icon.png?v=6362,RAM
"RAM Laptop BIWIN RS200 32GB DDR5 | (1x32GB), 4800MHz BD5SD32G48C40",DDR5,32GB,32GB 4800MHz,7290000,https://theme.hstatic.net/200000420363/1001333448/14/appbuyxgety-icon.png?v=6362,RAM
"RAM Laptop Corsair Vengeance 16GB DDR4 | (1x16GB), 3200MHz CMSX16GX4M1A3200C22",DDR4,16GB,16GB 3200MHz,3950000,https://theme.hstatic.net/200000420363/1001333448/14/appbuyxgety-icon.png?v=6362,RAM
"RAM Laptop Corsair Vengeance 16GB DDR5 Black | (1x16GB), 5200MHz CMSX16GX5M1A5200C44",DDR5,16GB,16GB 5200MHz,3890000,https://theme.hstatic.net/200000420363/1001333448/14/appbuyxgety-icon.png?v=6362,RAM
"RAM Laptop Corsair Vengeance 16GB DDR5 Black | (1x16GB), 5600MHz CMSX16GX5M1A5600C48",DDR5,16GB,16GB 5600MHz,5390000,https://theme.hstatic.net/200000420363/1001333448/14/appbuyxgety-icon.png?v=6362,RAM
"RAM Laptop Corsair Vengeance 32GB DDR5 Black | (1x32GB), 5600MHz CMSX32GX5M1A5600C48",DDR5,32GB,32GB 5600MHz,11500000,https://theme.hstatic.net/200000420363/1001333448/14/appbuyxgety-icon.png?v=6362,RAM
"RAM Laptop Crucial 16GB DDR5 | (1x16GB), 5600MHz CT16G56C46S5",DDR5,16GB,16GB 5600MHz,5390000,https://theme.hstatic.net/200000420363/1001333448/14/appbuyxgety-icon.png?v=6362,RAM
"RAM Laptop Crucial 32GB DDR5 | (1x32GB), 4800MHz CT32G48C40S5",DDR5,32GB,32GB 4800MHz,7590000,https://theme.hstatic.net/200000420363/1001333448/14/appbuyxgety-icon.png?v=6362,RAM
"RAM Laptop Crucial 8GB DDR4 | (1x8GB), 3200MHz CT8G4SFRA32A",DDR4,8GB,8GB 3200MHz,2190000,https://theme.hstatic.net/200000420363/1001333448/14/appbuyxgety-icon.png?v=6362,RAM
"RAM Laptop Crucial 8GB DDR5 | (1x8GB), 5600MHz CT8G56C46S5",DDR5,8GB,8GB 5600MHz,2990000,https://theme.hstatic.net/200000420363/1001333448/14/appbuyxgety-icon.png?v=6362,RAM
"RAM Laptop Crucial Crucial 32GB DDR5 | (1x32GB), 5600MHz CT32G56C46S5",DDR5,32GB,32GB 5600MHz,11590000,https://theme.hstatic.net/200000420363/1001333448/14/appbuyxgety-icon.png?v=6362,RAM
"RAM Laptop Faspeed 16GB DDR5 | (1x16GB), 4800MHz (N5-48-16GAZ)",DDR5,16GB,16GB 4800MHz,3790000,https://theme.hstatic.net/200000420363/1001333448/14/appbuyxgety-icon.png?v=6362,RAM
"RAM Laptop G.SKILL Ripjaws 16GB DDR4 | (1x16GB), 3200MHz F4-3200C22S-16GRS",DDR4,16GB,16GB 3200MHz,3950000,https://theme.hstatic.net/200000420363/1001333448/14/appbuyxgety-icon.png?v=6362,RAM
"RAM Laptop G.SKILL Ripjaws 8GB DDR4 | (1x8GB), 3200MHz F4-3200C22S-8GRS",DDR4,8GB,8GB 3200MHz,2190000,https://theme.hstatic.net/200000420363/1001333448/14/appbuyxgety-icon.png?v=6362,RAM
RAM Laptop Hiksemi Hiker 16GB DDR5 4800MHz SODIMM (HSC516S48Z1-16G),DDR5,16GB,16GB 4800MHz,3990000,https://theme.hstatic.net/200000420363/1001333448/14/appbuyxgety-icon.png?v=6362,RAM
"RAM Laptop Kingston 16GB DDR4 | (1x16GB), 3200MHz KVR32S22D8/16WP",DDR4,16GB,16GB 3200MHz,3950000,https://theme.hstatic.net/200000420363/1001333448/14/appbuyxgety-icon.png?v=6362,RAM
"RAM Laptop Kingston 8GB DDR4 | (1x8GB), 3200MHz KVR32S22S8/8WP",DDR4,8GB,8GB 3200MHz,2190000,https://theme.hstatic.net/200000420363/1001333448/14/appbuyxgety-icon.png?v=6362,RAM
"RAM Laptop Kingston ValueRAM 16GB DDR4 | (1x16GB), 3200MHz KVR32S22S8/16",DDR4,16GB,16GB 3200MHz,3950000,https://theme.hstatic.net/200000420363/1001333448/14/appbuyxgety-icon.png?v=6362,RAM
"RAM Laptop Kingston ValueRAM 16GB DDR5 | (1x16GB), 5600MHz KVR56S46BS8-16",DDR5,16GB,16GB 5600MHz,5790000,https://theme.hstatic.net/200000420363/1001333448/14/appbuyxgety-icon.png?v=6362,RAM
"RAM Laptop Kingston ValueRAM 8GB DDR4 | (1x8GB), 3200MHz KVR32S22S8/8",DDR4,8GB,8GB 3200MHz,2190000,https://theme.hstatic.net/200000420363/1001333448/14/appbuyxgety-icon.png?v=6362,RAM
"RAM Laptop Kingston ValueRAM 8GB DDR5 | (1x8GB), 5600MHz KVR56S46BS6-8",DDR5,8GB,8GB 5600MHz,2990000,https://theme.hstatic.net/200000420363/1001333448/14/appbuyxgety-icon.png?v=6362,RAM
"RAM Laptop Lexar Ares 16GB DDR4 | (1x16GB), 3200MHz LD4AS016G-B3200GSST",DDR4,16GB,16GB 3200MHz,3850000,https://theme.hstatic.net/200000420363/1001333448/14/appbuyxgety-icon.png?v=6362,RAM
"RAM Laptop Lexar Ares 16GB DDR5 | (1x16GB), 4800MHz LD5DS016G-B4800GSST",DDR5,16GB,16GB 4800MHz,3990000,https://theme.hstatic.net/200000420363/1001333448/14/appbuyxgety-icon.png?v=6362,RAM
"RAM Laptop Lexar Ares 16GB DDR5 | (1x16GB), 5600MHz LD5S16G56C46ST-BGS",DDR5,16GB,16GB 5600MHz,5390000,https://theme.hstatic.net/200000420363/1001333448/14/appbuyxgety-icon.png?v=6362,RAM
"RAM Laptop Lexar Ares 8GB DDR4 | (1x8GB), 3200MHz LD4AS008G-B3200GSST",DDR4,8GB,8GB 3200MHz,2150000,https://theme.hstatic.net/200000420363/1001333448/14/appbuyxgety-icon.png?v=6362,RAM
"RAM Laptop Patriot Signature 4GB DDR4 | (1x4GB), 2666MHz",DDR4,4GB,4GB 2666MHz,270000,https://theme.hstatic.net/200000420363/1001333448/14/appbuyxgety-icon.png?v=6362,RAM
"RAM Laptop Silicon Power 16GB DDR4 | (1x16GB), 3200MHz SP016GBSFU320X02",DDR4,16GB,16GB 3200MHz,2990000,https://theme.hstatic.net/200000420363/1001333448/14/appbuyxgety-icon.png?v=6362,RAM
"RAM Laptop SSTC 16GB DDR4 | (1x16GB), 3200MHz",DDR4,16GB,16GB 3200MHz,2990000,https://theme.hstatic.net/200000420363/1001333448/14/appbuyxgety-icon.png?v=6362,RAM
"RAM Laptop SSTC 8GB DDR4 | (1x8GB), 3200MHz",DDR4,8GB,8GB 3200MHz,1850000,https://theme.hstatic.net/200000420363/1001333448/14/appbuyxgety-icon.png?v=6362,RAM
"RAM PC AGI 8GB DDR5 | (1x8GB), 5600MHz, Intel/AMD AGI560A08UD238-ST",DDR5,8GB,8GB 5600MHz,2699000,https://theme.hstatic.net/200000420363/1001333448/14/appbuyxgety-icon.png?v=6362,RAM
"RAM PC AGI UD138 16GB DDR4 | (1x16GB), 3200MHz, Intel/AMD AGI320A16UD138-ST",DDR4,16GB,16GB 3200MHz,2850000,https://theme.hstatic.net/200000420363/1001333448/14/appbuyxgety-icon.png?v=6362,RAM
"RAM PC AOSENKE 8GB DDR3 | (1x8GB), 1600MHz, Intel/AMD",DDR3,8GB,8GB 1600MHz,699000,https://theme.hstatic.net/200000420363/1001333448/14/appbuyxgety-icon.png?v=6362,RAM
"RAM PC Apacer NOX 16GB DDR5 Black | (1x16GB), 5200MHz, Intel/AMD AH5U16G52C522MBAA-1",DDR5,16GB,16GB 5200MHz,5299000,https://theme.hstatic.net/200000420363/1001333448/14/appbuyxgety-icon.png?v=6362,RAM
"RAM PC Apacer Panther 16GB DDR4 | (1x16GB), 3200MHz, Intel/AMD",DDR4,16GB,16GB 3200MHz,3090000,https://theme.hstatic.net/200000420363/1001333448/14/appbuyxgety-icon.png?v=6362,RAM
"RAM PC Colorful Battle AX 16GB DDR5 Black | (1x16GB), 6000MHz, Intel/AMD",DDR5,16GB,16GB 6000MHz,6299000,https://theme.hstatic.net/200000420363/1001333448/14/appbuyxgety-icon.png?v=6362,RAM
"RAM PC Corsair Dominator Platinum 32GB RGB DDR5 | (2x16GB), 5200MHz, Intel/AMD CMT32GX5M2B5200C40",DDR5,32GB,32GB 5200MHz,9999000,https://theme.hstatic.net/200000420363/1001333448/14/appbuyxgety-icon.png?v=6362,RAM
"RAM PC Corsair Dominator Platinum 64GB RGB DDR5 White | (2x32GB), 5600MHz, Intel/AMD CMT64GX5M2B5600C40W",DDR5,64GB,64GB 5600MHz,22999000,https://theme.hstatic.net/200000420363/1001333448/14/appbuyxgety-icon.png?v=6362,RAM
"RAM PC Corsair Vengeance 16GB DDR5 Black | (1x16GB), 5200MHz, Intel/AMD CMK16GX5M1B5200C40",DDR5,16GB,16GB 5200MHz,5599000,https://theme.hstatic.net/200000420363/1001333448/14/appbuyxgety-icon.png?v=6362,RAM
"RAM PC Corsair Vengeance 16GB DDR5 Black | (1x16GB), 5600MHz, Intel/AMD CMK16GX5M1B5600C40",DDR5,16GB,16GB 5600MHz,5799000,https://theme.hstatic.net/200000420363/1001333448/14/appbuyxgety-icon.png?v=6362,RAM
"RAM PC Corsair Vengeance 16GB RGB DDR4 | (2x8GB), 3200MHz, Intel/AMD CMG16GX4M2E3200C16",DDR4,16GB,16GB 3200MHz,3590000,https://theme.hstatic.net/200000420363/1001333448/14/appbuyxgety-icon.png?v=6362,RAM
"RAM PC Corsair Vengeance 16GB RGB DDR5 Black | (1x16GB), 6000MHz, Intel/AMD CMH16GX5M1E6000Z36",DDR5,16GB,16GB 6000MHz,5999000,https://theme.hstatic.net/200000420363/1001333448/14/appbuyxgety-icon.png?v=6362,RAM
"RAM PC Corsair Vengeance 32GB DDR5 | (1x32GB), 6000MHz, Intel/AMD CMK5X32G2B60C38A2",DDR5,32GB,32GB 6000MHz,9599000,https://theme.hstatic.net/200000420363/1001333448/14/appbuyxgety-icon.png?v=6362,RAM
"RAM PC Corsair Vengeance 32GB RGB DDR4 Black | (2x16GB), 3200MHz, Intel/AMD CMW32GX4M2E3200C16",DDR4,32GB,32GB 3200MHz,9199000,https://theme.hstatic.net/200000420363/1001333448/14/appbuyxgety-icon.png?v=6362,RAM
"RAM PC Corsair Vengeance 32GB RGB DDR4 | (2x16GB), 3200MHz, Intel/AMD CMG32GX4M2E3200C16",DDR4,32GB,32GB 3200MHz,7999000,https://theme.hstatic.net/200000420363/1001333448/14/appbuyxgety-icon.png?v=6362,RAM
"RAM PC Corsair Vengeance 32GB RGB DDR4 | (2x16GB), 3600MHz, Intel/AMD CMG32GX4M2D3600C18",DDR4,32GB,32GB 3600MHz,6811000,https://theme.hstatic.net/200000420363/1001333448/14/appbuyxgety-icon.png?v=6362,RAM
"RAM PC Corsair Vengeance 32GB RGB DDR5 Black | (2x16GB), 5200MHz, Intel/AMD CMH32GX5M2B5200C40",DDR5,32GB,32GB 5200MHz,9999000,https://theme.hstatic.net/200000420363/1001333448/14/appbuyxgety-icon.png?v=6362,RAM
"RAM PC Corsair Vengeance 32GB RGB DDR5 | (2x16GB), 6000MHz, Intel/AMD CMH32GX5M2E6000C36",DDR5,32GB,32GB 6000MHz,12111000,https://theme.hstatic.net/200000420363/1001333448/14/appbuyxgety-icon.png?v=6362,RAM
"RAM PC Corsair Vengeance 32GB RGB DDR5 | (2x16GB), 6000MHz, Intel/AMD CMH32GX5M2E6000C36W",DDR5,32GB,32GB 6000MHz,12511000,https://theme.hstatic.net/200000420363/1001333448/14/appbuyxgety-icon.png?v=6362,RAM
"RAM PC Corsair Vengeance 64GB RGB DDR4 | (2x32GB), 3600MHz, Intel/AMD CMG64GX4M2D3600C18",DDR4,64GB,64GB 3600MHz,12111000,https://theme.hstatic.net/200000420363/1001333448/14/appbuyxgety-icon.png?v=6362,RAM
"RAM PC Corsair Vengeance 64GB RGB DDR5 | (2x32GB), 6000MHz, Intel/AMD CMH64GX5M2D6000C40",DDR5,64GB,64GB 6000MHz,22999000,https://theme.hstatic.net/200000420363/1001333448/14/appbuyxgety-icon.png?v=6362,RAM
"RAM PC Corsair Vengeance 8GB RGB DDR4 | (1x8GB), 3200MHz, Intel/AMD CMG8GX4M1E3200C16",DDR4,8GB,8GB 3200MHz,2190000,https://theme.hstatic.net/200000420363/1001333448/14/appbuyxgety-icon.png?v=6362,RAM
"RAM PC Corsair Vengeance 96GB RGB DDR5 | (2x48GB), 6000MHz, Intel/AMD CMH96GX5M2E6000C36",DDR5,96GB,96GB 6000MHz,31999000,https://theme.hstatic.net/200000420363/1001333448/14/appbuyxgety-icon.png?v=6362,RAM
"RAM PC Corsair Vengeance LPX 16GB DDR4 Black | (1x16GB), 3200MHz, Intel/AMD CMK16GX4M1E3200C16",DDR4,16GB,16GB 3200MHz,3290000,https://theme.hstatic.net/200000420363/1001333448/14/appbuyxgety-icon.png?v=6362,RAM
"RAM PC Corsair Vengeance LPX 32GB DDR4 | (1x32GB), 3600MHz, Intel/AMD",DDR4,32GB,32GB 3600MHz,5999000,https://theme.hstatic.net/200000420363/1001333448/14/appbuyxgety-icon.png?v=6362,RAM
"RAM PC Corsair Vengeance LPX 8GB DDR4 | (1x8GB), 3200MHz, Intel/AMD CMK8GX4M1E3200C16",DDR4,8GB,8GB 3200MHz,1950000,https://theme.hstatic.net/200000420363/1001333448/14/appbuyxgety-icon.png?v=6362,RAM
"RAM PC G.SKILL Aegis 16GB DDR4 | (1x16GB), 3200MHz, Intel/AMD F4-3200C16S-16GIS",DDR4,16GB,16GB 3200MHz,3590000,https://theme.hstatic.net/200000420363/1001333448/14/appbuyxgety-icon.png?v=6362,RAM
"RAM PC G.SKILL Aegis 16GB DDR5 | (1x16GB), 5200MHz, Intel/AMD",DDR5,16GB,16GB 5200MHz,5299000,https://theme.hstatic.net/200000420363/1001333448/14/appbuyxgety-icon.png?v=6362,RAM
"RAM PC G.SKILL Aegis 8GB DDR3 | (1x8GB), 1600MHz, Intel/AMD F3-1600C11S-8GIS",DDR3,8GB,8GB 1600MHz,999000,https://theme.hstatic.net/200000420363/1001333448/14/appbuyxgety-icon.png?v=6362,RAM
"RAM PC G.SKILL Aegis 8GB DDR4 | (1x8GB), 3200MHz, Intel/AMD F4-3200C16S-8GIS",DDR4,8GB,8GB 3200MHz,1950000,https://theme.hstatic.net/200000420363/1001333448/14/appbuyxgety-icon.png?v=6362,RAM
"RAM PC G.SKILL Ripjaws M5 32GB RGB DDR5 Black | (2x16GB), 5200MHz, Intel/AMD F5-5200J4040A16GX2-RM5RK",DDR5,32GB,32GB 5200MHz,9999000,https://theme.hstatic.net/200000420363/1001333448/14/appbuyxgety-icon.png?v=6362,RAM
"RAM PC G.SKILL Ripjaws M5 32GB RGB DDR5 Black | (2x16GB), 6400MHz, Intel/AMD F5-6400J3648F16GX2-RM5RK",DDR5,32GB,32GB 6400MHz,11911000,https://theme.hstatic.net/200000420363/1001333448/14/appbuyxgety-icon.png?v=6362,RAM
"RAM PC G.SKILL Ripjaws M5 32GB RGB DDR5 White | (2x16GB), 5200MHz, Intel/AMD F5-5200J4040A16GX2-RM5RW",DDR5,32GB,32GB 5200MHz,10399000,https://theme.hstatic.net/200000420363/1001333448/14/appbuyxgety-icon.png?v=6362,RAM
"RAM PC G.SKILL Ripjaws M5 32GB RGB DDR5 | (2x16GB), 6000MHz, Intel/AMD F5-6000J3636F16GX2-RM5RK",DDR5,32GB,32GB 6000MHz,10690000,https://theme.hstatic.net/200000420363/1001333448/14/appbuyxgety-icon.png?v=6362,RAM
"RAM PC G.SKILL Ripjaws M5 Special Edition 32GB RGB DDR5 White | (2x16GB), 6000MHz, Intel/AMD",DDR5,32GB,32GB 6000MHz,9999000,https://theme.hstatic.net/200000420363/1001333448/14/appbuyxgety-icon.png?v=6362,RAM
"RAM PC G.SKILL Ripjaws S5 16GB DDR5 | (1x16GB), 5600MHz, Intel/AMD F5-5600J4040C16GX1-RS5K",DDR5,16GB,16GB 5600MHz,5699000,https://theme.hstatic.net/200000420363/1001333448/14/appbuyxgety-icon.png?v=6362,RAM
"RAM PC G.SKILL Ripjaws S5 16GB DDR5 | (1x16GB), 6000MHz, Intel/AMD",DDR5,16GB,16GB 6000MHz,6599000,https://theme.hstatic.net/200000420363/1001333448/14/appbuyxgety-icon.png?v=6362,RAM
"RAM PC G.SKILL Ripjaws S5 24GB DDR5 Black | (1x24GB), 5200MHz, Intel/AMD",DDR5,24GB,24GB 5200MHz,7999000,https://theme.hstatic.net/200000420363/1001333448/14/appbuyxgety-icon.png?v=6362,RAM
"RAM PC G.SKILL Ripjaws S5 24GB DDR5 White | (1x24GB), 5200MHz, Intel/AMD",DDR5,24GB,24GB 5200MHz,8999000,https://theme.hstatic.net/200000420363/1001333448/14/appbuyxgety-icon.png?v=6362,RAM
"RAM PC G.SKILL Ripjaws S5 32GB DDR5 Black | (2x16GB), 6000MHz, Intel/AMD F5-6000J3636F16GX2-RS5K",DDR5,32GB,32GB 6000MHz,11111000,https://theme.hstatic.net/200000420363/1001333448/14/appbuyxgety-icon.png?v=6362,RAM
"RAM PC G.SKILL Ripjaws V 16GB DDR4 | (1x16GB), 3200MHz, Intel/AMD F4-3200C16S-16GVK",DDR4,16GB,16GB 3200MHz,3290000,https://theme.hstatic.net/200000420363/1001333448/14/appbuyxgety-icon.png?v=6362,RAM
"RAM PC G.SKILL Ripjaws V 8GB DDR4 | (1x8GB), 3200MHz, Intel/AMD",DDR4,8GB,8GB 3200MHz,1950000,https://theme.hstatic.net/200000420363/1001333448/14/appbuyxgety-icon.png?v=6362,RAM
"RAM PC G.SKILL Ripjaws V 8GB DDR4 | (1x8GB), 3600MHz, Intel/AMD F4-3600C18S-8GVK",DDR4,8GB,8GB 3600MHz,1950000,https://theme.hstatic.net/200000420363/1001333448/14/appbuyxgety-icon.png?v=6362,RAM
"RAM PC G.SKILL Trident Z 32GB RGB DDR4 | (2x16GB), 3600MHz, Intel/AMD F4-3600C18D-32GTZR",DDR4,32GB,32GB 3600MHz,6620000,https://theme.hstatic.net/200000420363/1001333448/14/appbuyxgety-icon.png?v=6362,RAM
"RAM PC G.SKILL Trident Z Neo 32GB RGB DDR4 | (2x16GB), 3600MHz, Intel/AMD F4-3600C18D-32GTZN",DDR4,32GB,32GB 3600MHz,6520000,https://theme.hstatic.net/200000420363/1001333448/14/appbuyxgety-icon.png?v=6362,RAM
"RAM PC G.SKILL Trident Z Neo 64GB RGB DDR4 | (2x32GB), 3600MHz, Intel/AMD F4-3600C18D-64GTZN",DDR4,64GB,64GB 3600MHz,11711000,https://theme.hstatic.net/200000420363/1001333448/14/appbuyxgety-icon.png?v=6362,RAM
"RAM PC G.SKILL Trident Z5 32GB RGB DDR5 Black | (2x16GB), 5200MHz, Intel/AMD F5-5200J4040A16GX2-TZ5RK",DDR5,32GB,32GB 5200MHz,11299000,https://theme.hstatic.net/200000420363/1001333448/14/appbuyxgety-icon.png?v=6362,RAM
"RAM PC G.SKILL Trident Z5 32GB RGB DDR5 White | (2x16GB), 6000MHz, Intel/AMD",DDR5,32GB,32GB 6000MHz,10599000,https://theme.hstatic.net/200000420363/1001333448/14/appbuyxgety-icon.png?v=6362,RAM
"RAM PC G.SKILL Trident Z5 32GB RGB DDR5 | (2x16GB), 5200MHz, Intel/AMD F5-5200J4040A16GX2-TZ5RS",DDR5,32GB,32GB 5200MHz,11999000,https://theme.hstatic.net/200000420363/1001333448/14/appbuyxgety-icon.png?v=6362,RAM
"RAM PC G.SKILL Trident Z5 32GB RGB DDR5 | (2x16GB), 5600MHz, Intel/AMD",DDR5,32GB,32GB 5600MHz,12300000,https://theme.hstatic.net/200000420363/1001333448/14/appbuyxgety-icon.png?v=6362,RAM
"RAM PC G.SKILL Trident Z5 32GB RGB DDR5 | (2x16GB), 6000MHz, Intel Intel XMP/AMD EXPOMP F5-6000J3636F16GX2-TZ5RK",DDR5,32GB,32GB 6000MHz,12311000,https://theme.hstatic.net/200000420363/1001333448/14/appbuyxgety-icon.png?v=6362,RAM
"RAM PC G.SKILL Trident Z5 32GB RGB DDR5 | (2x16GB), 6000MHz, Intel/AMD F5-6000J3636F16GX2-TZ5RS",DDR5,32GB,32GB 6000MHz,15999000,https://theme.hstatic.net/200000420363/1001333448/14/appbuyxgety-icon.png?v=6362,RAM
"RAM PC G.SKILL Trident Z5 32GB RGB DDR5 | (2x16GB), 6000MHz, Intel/AMD F5-6000J4040F16GX2-TZ5RS",DDR5,32GB,32GB 6000MHz,13999000,https://theme.hstatic.net/200000420363/1001333448/14/appbuyxgety-icon.png?v=6362,RAM
"RAM PC G.SKILL Trident Z5 64GB RGB DDR5 | (2x32GB), 6000MHz, Intel/AMD F5-6000J3636F32GX2-TZ5RK",DDR5,64GB,64GB 6000MHz,23111000,https://theme.hstatic.net/200000420363/1001333448/14/appbuyxgety-icon.png?v=6362,RAM
"RAM PC G.SKILL Trident Z5 64GB RGB DDR5 | (2x32GB), 6000MHz, Intel/AMD F5-6000J3636F32GX2-TZ5RW",DDR5,64GB,64GB 6000MHz,23111000,https://theme.hstatic.net/200000420363/1001333448/14/appbuyxgety-icon.png?v=6362,RAM
"RAM PC G.SKILL Trident Z5 Neo 24GB DDR5 | (1x24GB), 5600MHz, Intel/AMD",DDR5,24GB,24GB 5600MHz,7999000,https://theme.hstatic.net/200000420363/1001333448/14/appbuyxgety-icon.png?v=6362,RAM
"RAM PC GeIL Evo Spear 16GB DDR4 | (1x16GB), 3200MHz, Intel/AMD GSB416GB3200C22SC",DDR4,16GB,16GB 3200MHz,2990000,https://theme.hstatic.net/200000420363/1001333448/14/appbuyxgety-icon.png?v=6362,RAM
"RAM PC GeIL Evo Spear 8GB DDR4 | (1x8GB), 3200MHz, Intel/AMD",DDR4,8GB,8GB 3200MHz,1190000,https://theme.hstatic.net/200000420363/1001333448/14/appbuyxgety-icon.png?v=6362,RAM
"RAM PC GeIL Orion 16GB DDR4 | (1x16GB), 3200MHz, Intel/AMD GOG416GB3200C16BSC",DDR4,16GB,16GB 3200MHz,2990000,https://theme.hstatic.net/200000420363/1001333448/14/appbuyxgety-icon.png?v=6362,RAM
"RAM PC GeIL Orion 8GB RGB DDR4 | (1x8GB), 3200MHz, Intel/AMD GOSG48GB3200C16BSC",DDR4,8GB,8GB 3200MHz,1850000,https://theme.hstatic.net/200000420363/1001333448/14/appbuyxgety-icon.png?v=6362,RAM
"RAM PC GeIL Spear V 16GB DDR5 Black | (1x16GB), 5200MHz, Intel/AMD",DDR5,16GB,16GB 5200MHz,5099000,https://theme.hstatic.net/200000420363/1001333448/14/appbuyxgety-icon.png?v=6362,RAM
"RAM PC GeIL Spear V 16GB DDR5 | (1x16GB), 6000MHz, Intel/AMD GASB516GB6000C38BSC",DDR5,16GB,16GB 6000MHz,5999000,https://theme.hstatic.net/200000420363/1001333448/14/appbuyxgety-icon.png?v=6362,RAM
"RAM PC GeIL Super Luce 8GB RGB DDR4 White | (1x8GB), 3200MHz, Intel/AMD GLWS48GB3200C16BSC",DDR4,8GB,8GB 3200MHz,1850000,https://theme.hstatic.net/200000420363/1001333448/14/appbuyxgety-icon.png?v=6362,RAM
"RAM PC Gskill Trident Z5 RGB 16GB DDR5 | (1x16GB), 6000MHz, Intel/AMD F5-6000J3636F16GX1-TZ5RK",DDR5,16GB,16GB 6000MHz,5599000,https://theme.hstatic.net/200000420363/1001333448/14/appbuyxgety-icon.png?v=6362,RAM
"RAM PC Hiksemi Armor 16GB DDR4 | (1x16GB), 3200MHz, Intel/AMD HSC416U32D2",DDR4,16GB,16GB 3200MHz,2990000,https://theme.hstatic.net/200000420363/1001333448/14/appbuyxgety-icon.png?v=6362,RAM
"RAM PC Hiksemi Armor 16GB DDR4 | (1x16GB), 3200MHz, Intel/AMD HSC416U32Z2",DDR4,16GB,16GB 3200MHz,2990000,https://theme.hstatic.net/200000420363/1001333448/14/appbuyxgety-icon.png?v=6362,RAM
"RAM PC Hiksemi Future 16GB DDR4 | (1x16GB), 3200MHz, Intel/AMD HSC416U32C2-16G",DDR4,16GB,16GB 3200MHz,2990000,https://theme.hstatic.net/200000420363/1001333448/14/appbuyxgety-icon.png?v=6362,RAM
"RAM PC Kimtigo 8GB DDR4 | (1x8GB), 3200MHz, Intel/AMD",DDR4,8GB,8GB 3200MHz,1290000,https://theme.hstatic.net/200000420363/1001333448/14/appbuyxgety-icon.png?v=6362,RAM
"RAM PC Kingbank 16GB DDR4 White | (1x16GB), 3200MHz, Intel/AMD",DDR4,16GB,16GB 3200MHz,2790000,https://theme.hstatic.net/200000420363/1001333448/14/appbuyxgety-icon.png?v=6362,RAM
"RAM PC Kingbank 16GB DDR5 | (1x16GB), 4800MHz, Intel/AMD",DDR5,16GB,16GB 4800MHz,4999000,https://theme.hstatic.net/200000420363/1001333448/14/appbuyxgety-icon.png?v=6362,RAM
"RAM PC Kingbank 16GB DDR5 | (1x16GB), 6000MHz, Intel/AMD",DDR5,16GB,16GB 6000MHz,4699000,https://theme.hstatic.net/200000420363/1001333448/14/appbuyxgety-icon.png?v=6362,RAM
"RAM PC Kingmax Archon X 32GB DDR5 | (2x16GB), 6000MHz, Intel/AMD",DDR5,32GB,32GB 6000MHz,9399000,https://theme.hstatic.net/200000420363/1001333448/14/appbuyxgety-icon.png?v=6362,RAM
"RAM PC Kingmax Blade X 16GB DDR4 | (1x16GB), 3200MHz, Intel/AMD",DDR4,16GB,16GB 3200MHz,3590000,https://theme.hstatic.net/200000420363/1001333448/14/appbuyxgety-icon.png?v=6362,RAM
"RAM PC Kingmax Blade X 16GB DDR4 | (1x16GB), 3200MHz, Intel/AMD KM-LD4A-3200-16GSBK18",DDR4,16GB,16GB 3200MHz,3590000,https://theme.hstatic.net/200000420363/1001333448/14/appbuyxgety-icon.png?v=6362,RAM
"RAM PC Kingmax Blade X 8GB DDR4 | (1x8GB), 3200MHz, Intel/AMD KM-LD4A-3200-08GSBB16",DDR4,8GB,8GB 3200MHz,1890000,https://theme.hstatic.net/200000420363/1001333448/14/appbuyxgety-icon.png?v=6362,RAM
"RAM PC Kingmax Blade X 8GB DDR4 | (1x8GB), 3200MHz, Intel/AMD KM-LD4A-3200-08GSBK18",DDR4,8GB,8GB 3200MHz,1890000,https://theme.hstatic.net/200000420363/1001333448/14/appbuyxgety-icon.png?v=6362,RAM
"RAM PC Kingmax Horizon 32GB DDR5 | (1x32GB), 5600MHz, Intel/AMD KM-LD54-5600-32GSHN38",DDR5,32GB,32GB 5600MHz,8399000,https://theme.hstatic.net/200000420363/1001333448/14/appbuyxgety-icon.png?v=6362,RAM
"RAM PC Kingmax Zeus Dragon 8GB RGB DDR4 | (1x8GB), 3600MHz, Intel/AMD KM-LD4A-3600-08GSRT18",DDR4,8GB,8GB 3600MHz,1950000,https://theme.hstatic.net/200000420363/1001333448/14/appbuyxgety-icon.png?v=6362,RAM
"RAM PC KingSpec 16GB DDR4 Black | (1x16GB), 3200MHz, Intel/AMD",DDR4,16GB,16GB 3200MHz,2790000,https://theme.hstatic.net/200000420363/1001333448/14/appbuyxgety-icon.png?v=6362,RAM
"RAM PC KingSpec 16GB DDR4 | (1x16GB), 2666MHz, Intel/AMD",DDR4,16GB,16GB 2666MHz,2690000,https://theme.hstatic.net/200000420363/1001333448/14/appbuyxgety-icon.png?v=6362,RAM
"RAM PC KingSpec 16GB DDR4 | (1x16GB), 3200MHz, Intel/AMD",DDR4,16GB,16GB 3200MHz,2790000,https://theme.hstatic.net/200000420363/1001333448/14/appbuyxgety-icon.png?v=6362,RAM
"RAM PC KingSpec 16GB DDR5 | (1x16GB), 4800MHz, Intel/AMD K4800D5P11016G",DDR5,16GB,16GB 4800MHz,4399000,https://theme.hstatic.net/200000420363/1001333448/14/appbuyxgety-icon.png?v=6362,RAM
"RAM PC KingSpec 8GB DDR3 | (1x8GB), 1600MHz, Intel/AMD",DDR3,8GB,8GB 1600MHz,699000,https://theme.hstatic.net/200000420363/1001333448/14/appbuyxgety-icon.png?v=6362,RAM
"RAM PC KingSpec 8GB DDR4 Black | (1x8GB), 3200MHz, Intel/AMD",DDR4,8GB,8GB 3200MHz,1790000,https://theme.hstatic.net/200000420363/1001333448/14/appbuyxgety-icon.png?v=6362,RAM
"RAM PC KingSpec 8GB DDR4 | (1x8GB), 3200MHz, Intel/AMD",DDR4,8GB,8GB 3200MHz,1790000,https://theme.hstatic.net/200000420363/1001333448/14/appbuyxgety-icon.png?v=6362,RAM
"RAM PC Kingston Fury Beast 16GB DDR4 Black | (1x16GB), 3200MHz, Intel/AMD KF432C16BB1/16WP",DDR4,16GB,16GB 3200MHz,3890000,https://theme.hstatic.net/200000420363/1001333448/14/appbuyxgety-icon.png?v=6362,RAM
"RAM PC Kingston Fury Beast 16GB DDR4 | (1x16GB), 3200MHz, Intel/AMD KF432C16BB/16",DDR4,16GB,16GB 3200MHz,3890000,https://theme.hstatic.net/200000420363/1001333448/14/appbuyxgety-icon.png?v=6362,RAM
"RAM PC Kingston Fury Beast 16GB DDR5 (CT) | (1x16GB), 6000MHz, Intel XMP/AMD EXPO KF560C36BBE2-16",DDR5,16GB,16GB 6000MHz,5799000,https://theme.hstatic.net/200000420363/1001333448/14/appbuyxgety-icon.png?v=6362,RAM
"RAM PC Kingston Fury Beast 16GB DDR5 | (1x16GB), 5200MHz, Intel/AMD",DDR5,16GB,16GB 5200MHz,5499000,https://theme.hstatic.net/200000420363/1001333448/14/appbuyxgety-icon.png?v=6362,RAM
"RAM PC Kingston Fury Beast 16GB DDR5 | (1x16GB), 5200MHz, Intel/AMD KF55C40BB-16",DDR5,16GB,16GB 5200MHz,5699000,https://theme.hstatic.net/200000420363/1001333448/14/appbuyxgety-icon.png?v=6362,RAM
"RAM PC Kingston Fury Beast 16GB DDR5 | (1x16GB), 5600MHz, Intel/AMD KF556C40BB",DDR5,16GB,16GB 5600MHz,5299000,https://theme.hstatic.net/200000420363/1001333448/14/appbuyxgety-icon.png?v=6362,RAM
"RAM PC Kingston Fury Beast 16GB DDR5 | (1x16GB), 5600MHz, Intel/AMD KF556C40BB-16",DDR5,16GB,16GB 5600MHz,5899000,https://theme.hstatic.net/200000420363/1001333448/14/appbuyxgety-icon.png?v=6362,RAM
"RAM PC Kingston Fury Beast 16GB DDR5 | (1x16GB), 5600MHz, Intel/AMD KF556C40BB-16WP",DDR5,16GB,16GB 5600MHz,5899000,https://theme.hstatic.net/200000420363/1001333448/14/appbuyxgety-icon.png?v=6362,RAM
"RAM PC Kingston Fury Beast 16GB DDR5 | (1x16GB), 6000MHz, Intel XMP/AMD EXPO KF560C36BBE2-16",DDR5,16GB,16GB 6000MHz,5999000,https://theme.hstatic.net/200000420363/1001333448/14/appbuyxgety-icon.png?v=6362,RAM
"RAM PC Kingston Fury Beast 16GB DDR5 | (1x16GB), 6000MHz, Intel/AMD Kf560C36Bbe2-16Wp",DDR5,16GB,16GB 6000MHz,5999000,https://theme.hstatic.net/200000420363/1001333448/14/appbuyxgety-icon.png?v=6362,RAM
"RAM PC Kingston Fury Beast 16GB RGB DDR4 | (2x8GB), 3200MHz, Intel/AMD KF432C16BB2AK2/16",DDR4,16GB,16GB 3200MHz,3690000,https://theme.hstatic.net/200000420363/1001333448/14/appbuyxgety-icon.png?v=6362,RAM
"RAM PC Kingston Fury Beast 16GB RGB DDR5 | (1x16GB), 6000MHz, Intel/AMD KF560C36BBE2A-16WP",DDR5,16GB,16GB 6000MHz,6999000,https://theme.hstatic.net/200000420363/1001333448/14/appbuyxgety-icon.png?v=6362,RAM
"RAM PC Kingston Fury Beast 32GB DDR4 | (1x32GB), 3200MHz, Intel/AMD KF432C16BB/32",DDR4,32GB,32GB 3200MHz,7999000,https://theme.hstatic.net/200000420363/1001333448/14/appbuyxgety-icon.png?v=6362,RAM
"RAM PC Kingston Fury Beast 32GB DDR4 | (1x32GB), 3600MHz, Intel/AMD",DDR4,32GB,32GB 3600MHz,4990000,https://theme.hstatic.net/200000420363/1001333448/14/appbuyxgety-icon.png?v=6362,RAM
"RAM PC Kingston Fury Beast 32GB DDR5 | (1x32GB), 6000MHz, Intel/AMD KF560C36BBE2-32",DDR5,32GB,32GB 6000MHz,9999000,https://theme.hstatic.net/200000420363/1001333448/14/appbuyxgety-icon.png?v=6362,RAM
"RAM PC Kingston Fury Beast 32GB DDR5 | (1x32GB), 6000MHz, Intel/AMD KF560C40BB-32",DDR5,32GB,32GB 6000MHz,9888000,https://theme.hstatic.net/200000420363/1001333448/14/appbuyxgety-icon.png?v=6362,RAM
"RAM PC Kingston Fury Beast 32GB DDR5 | (2x16GB), 5600MHz, Intel/AMD KF556C40BBK2-32",DDR5,32GB,32GB 5600MHz,11611000,https://theme.hstatic.net/200000420363/1001333448/14/appbuyxgety-icon.png?v=6362,RAM
"RAM PC Kingston Fury Beast 32GB DDR5 | (2x16GB), 5600MHz, Intel/AMD KF556C40BBK2-32WP",DDR5,32GB,32GB 5600MHz,10799000,https://theme.hstatic.net/200000420363/1001333448/14/appbuyxgety-icon.png?v=6362,RAM
"RAM PC Kingston Fury Beast 32GB RGB DDR5 Black | (1x32GB), 6000MHz, Intel/AMD KF560C40BBA-32",DDR5,32GB,32GB 6000MHz,9999000,https://theme.hstatic.net/200000420363/1001333448/14/appbuyxgety-icon.png?v=6362,RAM
"RAM PC Kingston Fury Beast 32GB RGB DDR5 | (1x32GB), 6000MHz, Intel XMP/AMD EXP KF560C36BBE-32",DDR5,32GB,32GB 6000MHz,9911000,https://theme.hstatic.net/200000420363/1001333448/14/appbuyxgety-icon.png?v=6362,RAM
"RAM PC Kingston Fury Beast 32GB RGB DDR5 | (2x16GB), 5600MHz, Intel/AMD KF556C40BBAK2-32",DDR5,32GB,32GB 5600MHz,10999000,https://theme.hstatic.net/200000420363/1001333448/14/appbuyxgety-icon.png?v=6362,RAM
"RAM PC Kingston Fury Beast 32GB RGB DDR5 | (2x16GB), 6000MHz, Intel/AMD KF560C36BBE2AK2-32WP",DDR5,32GB,32GB 6000MHz,11511000,https://theme.hstatic.net/200000420363/1001333448/14/appbuyxgety-icon.png?v=6362,RAM
"RAM PC Kingston Fury Beast 64GB DDR5 Black | (2x32GB), 5600MHz, Intel/AMD KF556C40BB2K2-64",DDR5,64GB,64GB 5600MHz,22999000,https://theme.hstatic.net/200000420363/1001333448/14/appbuyxgety-icon.png?v=6362,RAM
"RAM PC Kingston Fury Beast 64GB RGB DDR5 | (2x32GB), 5200MHz, Intel/AMD KF552C40BBAK2-64",DDR5,64GB,64GB 5200MHz,22999000,https://theme.hstatic.net/200000420363/1001333448/14/appbuyxgety-icon.png?v=6362,RAM
"RAM PC Kingston Fury Beast 64GB RGB DDR5 | (2x32GB), 5600MHz, Intel/AMD KF556C40BB2AK2-64",DDR5,64GB,64GB 5600MHz,22999000,https://theme.hstatic.net/200000420363/1001333448/14/appbuyxgety-icon.png?v=6362,RAM
"RAM PC Kingston Fury Beast 8GB DDR4 Black | (1x8GB), 3200MHz, Intel/AMD KF432C16BB/8WP",DDR4,8GB,8GB 3200MHz,1990000,https://theme.hstatic.net/200000420363/1001333448/14/appbuyxgety-icon.png?v=6362,RAM
"RAM PC Kingston Fury Beast 8GB DDR4 | (1x8GB), 3200MHz, Intel/AMD KF432C16BB/8",DDR4,8GB,8GB 3200MHz,1990000,https://theme.hstatic.net/200000420363/1001333448/14/appbuyxgety-icon.png?v=6362,RAM
"RAM PC Kingston Fury Beast 8GB DDR5 Black | (1x8GB), 5200MHz, Intel/AMD KF552C40BB-8",DDR5,8GB,8GB 5200MHz,2999000,https://theme.hstatic.net/200000420363/1001333448/14/appbuyxgety-icon.png?v=6362,RAM
"RAM PC Kingston Fury Beast 8GB DDR5 | (1x8GB), 5600MHz, Intel/AMD KF556C40BB-8",DDR5,8GB,8GB 5600MHz,3699000,https://theme.hstatic.net/200000420363/1001333448/14/appbuyxgety-icon.png?v=6362,RAM
"RAM PC Kingston Fury Beast 8GB RGB DDR4 | (1x8GB), 3200MHz, Intel/AMD KF432C16BB2A/8",DDR4,8GB,8GB 3200MHz,2190000,https://theme.hstatic.net/200000420363/1001333448/14/appbuyxgety-icon.png?v=6362,RAM
"RAM PC Kingston ValueRAM 8GB DDR5 | (1x8GB), 5600MHz, Intel/AMD KVR56U46BS6-8",DDR5,8GB,8GB 5600MHz,3299000,https://theme.hstatic.net/200000420363/1001333448/14/appbuyxgety-icon.png?v=6362,RAM
"RAM PC Neo Forza 16GB DDR4 | (1x16GB), 2666MHz, Intel/AMD NMUD416E92-2666EA00",DDR4,16GB,16GB 2666MHz,2190000,https://theme.hstatic.net/200000420363/1001333448/14/appbuyxgety-icon.png?v=6362,RAM
"RAM PC Netac Shadow 8GB RGB DDR4 | (1x8GB), 3200MHz, Intel/AMD",DDR4,8GB,8GB 3200MHz,1350000,https://theme.hstatic.net/200000420363/1001333448/14/appbuyxgety-icon.png?v=6362,RAM
"RAM PC Netac Shadow II 8GB DDR4 Black | (1x8GB), 3200MHz, Intel/AMD",DDR4,8GB,8GB 3200MHz,1790000,https://theme.hstatic.net/200000420363/1001333448/14/appbuyxgety-icon.png?v=6362,RAM
"RAM PC OCPC 16GB DDR4 | (1x16GB), 3200MHz, Intel/AMD MMX16GD432C16U",DDR4,16GB,16GB 3200MHz,2790000,https://theme.hstatic.net/200000420363/1001333448/14/appbuyxgety-icon.png?v=6362,RAM
"RAM PC Patriot Signature 16GB DDR5 | (1x16GB), 5200MHz, Intel/AMD",DDR5,16GB,16GB 5200MHz,4999000,https://theme.hstatic.net/200000420363/1001333448/14/appbuyxgety-icon.png?v=6362,RAM
"RAM PC Patriot Signature 16GB DDR5 | (1x16GB), 5600MHz, Intel/AMD PSD516G560081",DDR5,16GB,16GB 5600MHz,5299000,https://theme.hstatic.net/200000420363/1001333448/14/appbuyxgety-icon.png?v=6362,RAM
"RAM PC Patriot Signature Line 16GB DDR4 | (1x16GB), 3200MHz, Intel/AMD PSP416G320081H1",DDR4,16GB,16GB 3200MHz,2690000,https://theme.hstatic.net/200000420363/1001333448/14/appbuyxgety-icon.png?v=6362,RAM
"RAM PC Patriot Signature Line 8GB DDR4 | (1x8GB), 3200MHz, Intel/AMD PSP48G320081H1",DDR4,8GB,8GB 3200MHz,1850000,https://theme.hstatic.net/200000420363/1001333448/14/appbuyxgety-icon.png?v=6362,RAM
"RAM PC Patriot Signature Premium 16GB DDR4 | (1x16GB), 3200MHz, Intel/AMD PSP416G3200H1",DDR4,16GB,16GB 3200MHz,2599000,https://theme.hstatic.net/200000420363/1001333448/14/appbuyxgety-icon.png?v=6362,RAM
"RAM PC Patriot Signature Premium 16GB DDR5 Black | (1x16GB), 5200MHz, Intel/AMD",DDR5,16GB,16GB 5200MHz,5199000,https://theme.hstatic.net/200000420363/1001333448/14/appbuyxgety-icon.png?v=6362,RAM
"RAM PC Patriot Signature Premium 16GB DDR5 White | (1x16GB), 5200MHz, Intel/AMD",DDR5,16GB,16GB 5200MHz,4899000,https://theme.hstatic.net/200000420363/1001333448/14/appbuyxgety-icon.png?v=6362,RAM
"RAM PC Patriot Viper Elite 5 16GB DDR5 | (1x16GB), 6000MHz, Intel/AMD (VEB516G6030W)",DDR5,16GB,16GB 6000MHz,5199000,https://theme.hstatic.net/200000420363/1001333448/14/appbuyxgety-icon.png?v=6362,RAM
"RAM PC Patriot Viper Elite 5 32GB RGB DDR5 | (1x32GB), 5600MHz, Intel/AMD PVER532G56C38W",DDR5,32GB,32GB 5600MHz,10999000,https://theme.hstatic.net/200000420363/1001333448/14/appbuyxgety-icon.png?v=6362,RAM
"RAM PC Patriot Viper Steel 16GB RGB DDR4 | (1x16GB), 3200MHz, Intel/AMD PVSR416G320C8",DDR4,16GB,16GB 3200MHz,2890000,https://theme.hstatic.net/200000420363/1001333448/14/appbuyxgety-icon.png?v=6362,RAM
"RAM PC Patriot Viper Venom 16GB DDR5 | (1x16GB), 6000MHz, Intel/AMD PVV516G60C30",DDR5,16GB,16GB 6000MHz,5399000,https://theme.hstatic.net/200000420363/1001333448/14/appbuyxgety-icon.png?v=6362,RAM
"RAM PC Patriot Viper Venom 32GB RGB DDR5 | (2x16GB), 6000MHz, Intel/AMD",DDR5,32GB,32GB 6000MHz,8990000,https://theme.hstatic.net/200000420363/1001333448/14/appbuyxgety-icon.png?v=6362,RAM
"RAM PC PNY XLR8 8GB DDR4 | (1x8GB), 3200MHz, Intel/AMD MD8GD4320016XR",DDR4,8GB,8GB 3200MHz,1790000,https://theme.hstatic.net/200000420363/1001333448/14/appbuyxgety-icon.png?v=6362,RAM
"RAM PC PNY XLR8 8GB RGB DDR4 | (1x8GB), 3200MHz, Intel/AMD MD8GD4320016XRGB",DDR4,8GB,8GB 3200MHz,1850000,https://theme.hstatic.net/200000420363/1001333448/14/appbuyxgety-icon.png?v=6362,RAM
"RAM PC PNY XLR8 Low Profile 16GB DDR4 | (1x16GB), 3200MHz, CL16 (MD16GD4320016LP)",DDR4,16GB,16GB 3200MHz,2890000,https://theme.hstatic.net/200000420363/1001333448/14/appbuyxgety-icon.png?v=6362,RAM
"RAM PC Samsung 32GB DDR5 | (1x32GB), 4800MHz, Intel/AMD",DDR5,32GB,32GB 4800MHz,11910000,https://theme.hstatic.net/200000420363/1001333448/14/appbuyxgety-icon.png?v=6362,RAM
"RAM PC Samsung/Micron/Hynix 64GB DDR4 | (1x64GB), 2400MHz, Intel/AMD",DDR4,64GB,64GB 2400MHz,10999000,https://theme.hstatic.net/200000420363/1001333448/14/appbuyxgety-icon.png?v=6362,RAM
"RAM PC Silicon Power XPOWER Zenith RGB 16GB RGB DDR5 Black | (1x16GB), 6000MHz, Intel/AMD SP016GXLWU60FFSF",DDR5,16GB,16GB 6000MHz,5099000,https://theme.hstatic.net/200000420363/1001333448/14/appbuyxgety-icon.png?v=6362,RAM
"RAM PC Silicon Power XPOWER Zenith RGB 16GB RGB DDR5 White | (1x16GB), 5600MHz, Intel XMP/AMD EXPO SP016GXLWU560FSH",DDR5,16GB,16GB 5600MHz,5199000,https://theme.hstatic.net/200000420363/1001333448/14/appbuyxgety-icon.png?v=6362,RAM
"RAM PC Silicon Power XPOWER Zenith RGB 16GB RGB DDR5 White | (1x16GB), 6000MHz, Intel XMP/AMD EXPO SP016GXLWU600FSH",DDR5,16GB,16GB 6000MHz,4999000,https://theme.hstatic.net/200000420363/1001333448/14/appbuyxgety-icon.png?v=6362,RAM
"RAM PC Silicon Power XPOWER Zenith RGB 16GB RGB DDR5 White | (1x16GB), 6000MHz, Intel/AMD SP016GXLWU60CFSH",DDR5,16GB,16GB 6000MHz,5099000,https://theme.hstatic.net/200000420363/1001333448/14/appbuyxgety-icon.png?v=6362,RAM
"RAM PC SSTC 8GB DDR4 | (1x8GB), 3200MHz, Intel/AMD U3200A-C22-8GB",DDR4,8GB,8GB 3200MHz,1790000,https://theme.hstatic.net/200000420363/1001333448/14/appbuyxgety-icon.png?v=6362,RAM
"RAM PC SSTC 8GB DDR4 | (1x8GB), 3200MHz, Intel/AMD U3200I-C22",DDR4,8GB,8GB 3200MHz,1590000,https://theme.hstatic.net/200000420363/1001333448/14/appbuyxgety-icon.png?v=6362,RAM
"RAM PC TeamGroup Expert 32GB DDR5 Black | (2x16GB), 6400MHz, Intel/AMD",DDR5,32GB,32GB 6400MHz,10290000,https://theme.hstatic.net/200000420363/1001333448/14/appbuyxgety-icon.png?v=6362,RAM
"RAM PC TeamGroup Expert 32GB DDR5 White | (2x16GB), 6400MHz, Intel/AMD",DDR5,32GB,32GB 6400MHz,9999000,https://theme.hstatic.net/200000420363/1001333448/14/appbuyxgety-icon.png?v=6362,RAM
"RAM PC TeamGroup T-Force Delta 16GB RGB DDR5 Black | (1x16GB), 6000MHz, Intel/AMD",DDR5,16GB,16GB 6000MHz,5999000,https://theme.hstatic.net/200000420363/1001333448/14/appbuyxgety-icon.png?v=6362,RAM
"RAM PC TeamGroup T-Force Delta 16GB RGB DDR5 | (1x16GB), 6400MHz, Intel/AMD",DDR5,16GB,16GB 6400MHz,6499000,https://theme.hstatic.net/200000420363/1001333448/14/appbuyxgety-icon.png?v=6362,RAM
"RAM PC TeamGroup T-Force Vulcan 16GB DDR4 Red | (1x16GB), 3200MHz, Intel/AMD TLZRD416G3200HC16F01",DDR4,16GB,16GB 3200MHz,3290000,https://theme.hstatic.net/200000420363/1001333448/14/appbuyxgety-icon.png?v=6362,RAM
"RAM PC TeamGroup T-Force Vulcan 16GB DDR4 | (1x16GB), 3200MHz, Intel/AMD TLZRD416G3200HC16FBK",DDR4,16GB,16GB 3200MHz,3290000,https://theme.hstatic.net/200000420363/1001333448/14/appbuyxgety-icon.png?v=6362,RAM
"RAM PC TeamGroup T-Force Vulcan 16GB DDR5 Red | (1x16GB), 6000MHz, Intel/AMD FRLD516G6000HC38J01",DDR5,16GB,16GB 6000MHz,4999000,https://theme.hstatic.net/200000420363/1001333448/14/appbuyxgety-icon.png?v=6362,RAM
"RAM PC TeamGroup T-Force Vulcan 16GB DDR5 | (1x16GB), 6000MHz, Intel XMP/AMD EXPO",DDR5,16GB,16GB 6000MHz,5999000,https://theme.hstatic.net/200000420363/1001333448/14/appbuyxgety-icon.png?v=6362,RAM
"RAM PC TeamGroup T-Force Vulcan 8GB DDR4 | (1x8GB), 3200MHz, Intel/AMD TLZGD48G3200HC16FBK",DDR4,8GB,8GB 3200MHz,1890000,https://theme.hstatic.net/200000420363/1001333448/14/appbuyxgety-icon.png?v=6362,RAM
"RAM PC TeamGroup T-Force Vulcan 8GB DDR4 | (1x8GB), 3200MHz, Intel/AMD TLZRD48G3200HC16C01",DDR4,8GB,8GB 3200MHz,1890000,https://theme.hstatic.net/200000420363/1001333448/14/appbuyxgety-icon.png?v=6362,RAM
"RAM PC TXRUI 8GB DDR4 | (1x8GB), 3200MHz, Intel/AMD",DDR4,8GB,8GB 3200MHz,990000,https://theme.hstatic.net/200000420363/1001333448/14/appbuyxgety-icon.png?v=6362,RAM
"RAM PC VSP 16GB DDR4 | (1x16GB), 3200MHz, Intel/AMD",DDR4,16GB,16GB 3200MHz,2790000,https://theme.hstatic.net/200000420363/1001333448/14/appbuyxgety-icon.png?v=6362,RAM
"RAM PC VSP 16GB DDR4 | (1x16GB), 3200MHz, Intel/AMD DD04-16GDDR0143",DDR4,16GB,16GB 3200MHz,2850000,https://theme.hstatic.net/200000420363/1001333448/14/appbuyxgety-icon.png?v=6362,RAM
"RAM PC VSP 16GB DDR4 | (1x16GB), 3200MHz, Intel/AMD DDR4-16GDDR0172",DDR4,16GB,16GB 3200MHz,2499000,https://theme.hstatic.net/200000420363/1001333448/14/appbuyxgety-icon.png?v=6362,RAM
"RAM PC VSP 8GB DDR4 | (1x8GB), 3200MHz, Intel/AMD",DDR4,8GB,8GB 3200MHz,1790000,https://theme.hstatic.net/200000420363/1001333448/14/appbuyxgety-icon.png?v=6362,RAM
"RAM PC XPG Blade C36 16GB RGB DDR5 Black | (1x16GB), 6000MHz, Intel/AMD",DDR5,16GB,16GB 6000MHz,6799000,https://theme.hstatic.net/200000420363/1001333448/14/appbuyxgety-icon.png?v=6362,RAM
"RAM PC XPG Gammix D20 8GB DDR4 Black | (1x8GB), 3200MHz, Intel/AMD AX4U32008G16A-CBK20",DDR4,8GB,8GB 3200MHz,1890000,https://theme.hstatic.net/200000420363/1001333448/14/appbuyxgety-icon.png?v=6362,RAM
"RAM PC XPG Lancer Blade 16GB DDR5 Black | (1x16GB), 5600MHz, Intel/AMD AX5U5600C4616G-SLABBK",DDR5,16GB,16GB 5600MHz,5599000,https://theme.hstatic.net/200000420363/1001333448/14/appbuyxgety-icon.png?v=6362,RAM
"RAM PC XPG Lancer Blade 16GB DDR5 Black | (1x16GB), 6000MHz, Intel/AMD",DDR5,16GB,16GB 6000MHz,6299000,https://theme.hstatic.net/200000420363/1001333448/14/appbuyxgety-icon.png?v=6362,RAM
"RAM PC XPG Lancer Blade 16GB DDR5 White | (1x16GB), 5600MHz, Intel/AMD",DDR5,16GB,16GB 5600MHz,4999000,https://theme.hstatic.net/200000420363/1001333448/14/appbuyxgety-icon.png?v=6362,RAM
"RAM PC XPG Lancer Blade 16GB DDR5 White | (1x16GB), 5600MHz, Intel/AMD AX5U5600C4616G-SLABWH",DDR5,16GB,16GB 5600MHz,5299000,https://theme.hstatic.net/200000420363/1001333448/14/appbuyxgety-icon.png?v=6362,RAM
"RAM PC XPG Lancer Blade 16GB DDR5 White | (1x16GB), 6000MHz, Intel/AMD",DDR5,16GB,16GB 6000MHz,5799000,https://theme.hstatic.net/200000420363/1001333448/14/appbuyxgety-icon.png?v=6362,RAM
"RAM PC XPG Lancer Blade 16GB RGB DDR5 Black | (1x16GB), 6000MHz, Intel/AMD",DDR5,16GB,16GB 6000MHz,6499000,https://theme.hstatic.net/200000420363/1001333448/14/appbuyxgety-icon.png?v=6362,RAM
"RAM PC XPG Lancer Blade 16GB RGB DDR5 White | (1x16GB), 6000MHz, Intel/AMD",DDR5,16GB,16GB 6000MHz,6199000,https://theme.hstatic.net/200000420363/1001333448/14/appbuyxgety-icon.png?v=6362,RAM
"RAM PC XPG Lancer Blade 32GB DDR5 White | (2x16GB), 5600MHz, Intel/AMD AX5U5600C4616G-DTLABWH",DDR5,32GB,32GB 5600MHz,9399000,https://theme.hstatic.net/200000420363/1001333448/14/appbuyxgety-icon.png?v=6362,RAM
"RAM PC XPG Lancer Blade 32GB DDR5 White | (2x16GB), 6000MHz, Intel/AMD",DDR5,32GB,32GB 6000MHz,9599000,https://theme.hstatic.net/200000420363/1001333448/14/appbuyxgety-icon.png?v=6362,RAM
"RAM PC XPG Lancer Blade 32GB DDR5 | (2x16GB), 5600MHz, Intel/AMD AX5U5600C4616G-DTLABBK",DDR5,32GB,32GB 5600MHz,9599000,https://theme.hstatic.net/200000420363/1001333448/14/appbuyxgety-icon.png?v=6362,RAM
"RAM PC XPG Lancer Blade 32GB RGB DDR5 Black | (2x16GB), 6000MHz, Intel/AMD",DDR5,32GB,32GB 6000MHz,11999000,https://theme.hstatic.net/200000420363/1001333448/14/appbuyxgety-icon.png?v=6362,RAM
"RAM PC XPG Lancer Blade 32GB RGB DDR5 Black | (2x16GB), 6000MHz, Intel/AMD AX5U6000C3416G-DTLABRBK",DDR5,32GB,32GB 6000MHz,12911000,https://theme.hstatic.net/200000420363/1001333448/14/appbuyxgety-icon.png?v=6362,RAM
"RAM PC XPG Lancer Blade 32GB RGB DDR5 White | (2x16GB), 6000MHz, Intel/AMD",DDR5,32GB,32GB 6000MHz,10299000,https://theme.hstatic.net/200000420363/1001333448/14/appbuyxgety-icon.png?v=6362,RAM
"RAM PC XPG Lancer Blade LC36 32GB RGB DDR5 White | (2x16GB), 6000MHz, Intel/AMD",DDR5,32GB,32GB 6000MHz,10699000,https://theme.hstatic.net/200000420363/1001333448/14/appbuyxgety-icon.png?v=6362,RAM
"RAM PC XPG Spectrix D50 16GB RGB DDR4 White | (1x16GB), 3200MHz, Intel/AMD AX4U320016G16A-SW50",DDR4,16GB,16GB 3200MHz,3499000,https://theme.hstatic.net/200000420363/1001333448/14/appbuyxgety-icon.png?v=6362,RAM
"RAM PC XPG Spectrix D50 16GB RGB DDR4 | (1x16GB), 3200MHz, Intel/AMD AX4U320016G16A-ST50",DDR4,16GB,16GB 3200MHz,3499000,https://theme.hstatic.net/200000420363/1001333448/14/appbuyxgety-icon.png?v=6362,RAM
"RAM PC XPG Spectrix D50 8GB RGB DDR4 White | (1x8GB), 3200MHz, Intel/AMD",DDR4,8GB,8GB 3200MHz,2090000,https://theme.hstatic.net/200000420363/1001333448/14/appbuyxgety-icon.png?v=6362,RAM
"RAM PC XPG Spectrix D50 8GB RGB DDR4 | (1x8GB), 3200MHz, Intel/AMD AX4U320038G16A-ST50",DDR4,8GB,8GB 3200MHz,2190000,https://theme.hstatic.net/200000420363/1001333448/14/appbuyxgety-icon.png?v=6362,RAM
Ram SSTC 16G DDR4 3200MHz C22 1.2V AMD/Intel (U3200A-C22),DDR4,N/A,3200MHz,2790000,https://theme.hstatic.net/200000420363/1001333448/14/appbuyxgety-icon.png?v=6362,RAM
